No.,Position,Purpose,Alt Text,Filename,Upload Path,Search Keywords
1,[After What Is a WPS section],Opening hero image,industrial welding procedure specification document on construction site with pipeline background,wps-document-industrial-pipeline-site.webp,/wp-content/uploads/20260331/wps-document-industrial-pipeline-site.webp,welding procedure specification WPS industrial pipeline
2,[After Why Your Project Needs WPS section],Risk comparison illustration,welding inspector performing NDT testing on pipeline weld with inspection equipment,ndt-testing-welding-inspection-pipeline.webp,/wp-content/uploads/20260331/ndt-testing-welding-inspection-pipeline.webp,welding inspection NDT testing quality control
3,[After The WPS-PQR-WPQ Relationship section],Three document relationship diagram,engineer reviewing WPS PQR WPQ welding documentation at desk with blueprints,welding-documentation-review-engineer-desk.webp,/wp-content/uploads/20260331/welding-documentation-review-engineer-desk.webp,WPS PQR WPQ welding documentation qualification
4,[After Essential Variables section],Variable classification chart,welding parameter specification sheet with essential variables checklist and notes,essential-variables-welding-checklist-document.webp,/wp-content/uploads/20260331/essential-variables-welding-checklist-document.webp,essential variables welding ASME Section IX
5,[After Common WPS Qualification Tests section],Mechanical testing laboratory scene,mechanical testing laboratory tensile test welding specimen equipment setup,welding-mechanical-testing-laboratory-tensile.webp,/wp-content/uploads/20260331/welding-mechanical-testing-laboratory-tensile.webp,welding test mechanical tensile bend impact
6,[After WPS Format Content section],WPS form template example,blank WPS form template with joint configuration base metal sections visible,wps-form-template-blank-joint-configuration.webp,/wp-content/uploads/20260331/wps-form-template-blank-joint-configuration.webp,WPS format template welding specification
7,[After Material Groupings section],Material classification reference,steel pipe samples with P-Number F-Number classification labels and tags,steel-pipe-p-number-f-number-classification.webp,/wp-content/uploads/20260331/steel-pipe-p-number-f-number-classification.webp,P-Number F-Number base metal filler metal
8,[After Typical WPS Qualification Timeline section],Timeline flowchart visualization,welding qualification timeline chart with testing phases schedule and milestones,welding-qualification-timeline-phases-chart.webp,/wp-content/uploads/20260331/welding-qualification-timeline-phases-chart.webp,WPS qualification timeline testing schedule
9,[After Industry-Specific WPS Requirements section],Industry application comparison,oil gas pipeline welding construction site with workers in protective gear,pipeline-welding-oil-gas-construction-site.webp,/wp-content/uploads/20260331/pipeline-welding-oil-gas-construction-site.webp,oil gas pipeline welding ASME B31.3
10,[After Managing WPS Library section],Document management system,digital WPS library database on computer screen with welding procedure files,wps-library-digital-management-system.webp,/wp-content/uploads/20260331/wps-library-digital-management-system.webp,WPS library management welding documentation
11,[After Cost Considerations section],Cost analysis chart visualization,welding cost estimation chart with qualification budget breakdown and figures,welding-qualification-cost-estimation-chart.webp,/wp-content/uploads/20260331/welding-qualification-cost-estimation-chart.webp,WPS qualification cost welding budget
12,[Before Conclusion section],Summary professional image,professional welder with certified WPS document at industrial construction site,certified-welder-wps-document-industrial-site.webp,/wp-content/uploads/20260331/certified-welder-wps-document-industrial-site.webp,professional welder WPS certification quality
