ID,Type,SKU,"GTIN, UPC, EAN, or ISBN",Name,Published,Is featured?,Visibility in catalog,Short description,Description,Date sale price starts,Date sale price ends,Tax status,Tax class,In stock?,Stock,Low stock amount,Backorders allowed?,Sold individually?,Weight (oz),Length (in),Width (in),Height (in),Allow customer reviews?,Purchase note,Sale price,Regular price,Categories,Tags,Shipping class,Images,Download limit,Download expiry days,Parent,Grouped products,Upsells,Cross-sells,External URL,Button text,Position,Brands,Attribute 1 name,Attribute 1 value(s),Attribute 1 visible,Attribute 1 global,Meta: stackable_optimized_css,Meta: rank_math_seo_score,Meta: rank_math_focus_keyword,Meta: rank_math_primary_product_cat,Meta: _dwps_table,Meta: _wcsob_hide,Meta: rank_math_primary_product_brand,Meta: rank_math_title,Meta: rank_math_description
6035,simple,,,Diamond-Coated Honing Steel LKHOS20002,1,0,visible,"<h3>Key Features</h3><ul><li><strong>Diamond-Coated Surface:</strong> Provides superior abrasion for quick and efficient edge realignment on all steel blades.</li><li><strong>Ergonomic Handle:</strong> Designed for comfortable, non-slip grip during prolonged use in busy commercial kitchens.</li><li><strong>Durable Construction:</strong> Built to withstand frequent daily use, ideal for wholesale bulk orders to professional kitchens.</li></ul>","<h2>Diamond-Coated Honing Steel LKHOS20002</h2><p>Maintain peak knife performance in your commercial kitchen with the Diamond-Coated Honing Steel LKHOS20002. This professional-grade tool features a diamond-coated surface that quickly realigns knife edges, reducing the need for frequent sharpening. Its ergonomic handle ensures a secure, comfortable grip, even during extended use. Ideal for busy chefs and kitchen staff, this honing steel is a must-have for any professional kitchen. It is compatible with all standard steel blades, making it a versatile addition to your knife maintenance toolkit. Ordering in bulk ensures your entire team has access to reliable edge maintenance, extending the life of your valuable knife inventory. This honing steel is an essential kitchen accessory for any serious culinary operation.</p><h3>Key Features</h3><ul><li><strong>Diamond-Coated Surface:</strong> Offers aggressive abrasion for fast edge realignment.</li><li><strong>Ergonomic Handle:</strong> Provides comfort and control during use.</li><li><strong>Versatile Compatibility:</strong> Works with all standard steel knife blades.</li></ul><h3>Specifications</h3><table><tr><th>Spec</th><th>Detail</th></tr><tr><td>Product</td><td>Diamond-Coated Honing Steel</td></tr><tr><td>Model</td><td>LKHOS20002</td></tr><tr><td>Surface</td><td>Diamond-Coated</td></tr><tr><td>Handle</td><td>Ergonomic</td></tr></table>",,,taxable,,1,,,0,0,,,,,0,,,,Knife Accessories > Knife Sharpening > Honing Steels,,,"https://img.leeknives.com/wp-content/uploads/2022/11/LKHOS20002-main.jpg, https://img.leeknives.com/wp-content/uploads/2022/11/LKHOS20002.jpg",,,,,,,,,0,,,,,,,10,diamond honing steel,90,6009,no,,Diamond-Coated Honing Steel LKHOS20002 Wholesale,Professional diamond-coated honing steel for quick edge realignment. Durable and ergonomic. Order wholesale today.
6038,simple,,,Diamond-Coated Honing Steel LKHOS20003,1,0,visible,"<h3>Key Features</h3><ul><li><strong>Diamond-Coated Surface:</strong> Ensures fast, effective honing for all standard knife blades, maintaining sharpness longer.</li><li><strong>Ergonomic Handle:</strong> Provides a comfortable, non-slip grip for safe and precise use in professional kitchens.</li><li><strong>Durable Build:</strong> Constructed from high-quality materials to withstand heavy daily use in commercial environments.</li></ul>","<h2>Diamond-Coated Honing Steel LKHOS20003</h2><p>Keep your kitchen knives performing at their best with the Diamond-Coated Honing Steel LKHOS20003. Designed for professional use, this honing steel features a diamond-coated surface that efficiently realigns blade edges, extending the time between sharpening sessions. The ergonomic handle offers a secure and comfortable grip, reducing hand fatigue during repetitive use. This tool is an essential kitchen accessory for any commercial kitchen, ensuring your knives remain sharp and safe. It is compatible with all standard steel blades, making it a versatile choice for your knife maintenance needs. Purchasing this honing steel wholesale is a cost-effective way to equip your entire kitchen staff with a reliable edge maintenance tool. Enhance your kitchen's efficiency and knife longevity with this durable honing steel.</p><h3>Key Features</h3><ul><li><strong>Diamond-Coated Surface:</strong> Provides efficient edge realignment.</li><li><strong>Ergonomic Handle:</strong> Ensures comfortable, secure grip.</li><li><strong>Professional Grade:</strong> Built for heavy commercial use.</li></ul><h3>Specifications</h3><table><tr><th>Spec</th><th>Detail</th></tr><tr><td>Product</td><td>Diamond-Coated Honing Steel</td></tr><tr><td>Model</td><td>LKHOS20003</td></tr><tr><td>Surface</td><td>Diamond-Coated</td></tr><tr><td>Handle</td><td>Ergonomic</td></tr></table>",,,taxable,,1,,,0,0,,,,,0,,,,Knife Accessories > Knife Sharpening > Honing Steels,,,"https://img.leeknives.com/wp-content/uploads/2022/11/LKHOS20003-main.jpg, https://img.leeknives.com/wp-content/uploads/2022/11/LKHOS20003.jpg",,,,,,,,,0,,,,,,,10,diamond honing steel,90,6009,no,,Diamond-Coated Honing Steel LKHOS20003 Bulk,Professional diamond-coated honing steel for commercial kitchens. Durable and ergonomic. Order wholesale today.
6041,simple,,,Diamond-Coated Honing Steel LKHOS20004,1,0,visible,"<h3>Key Features</h3><ul><li><strong>Diamond-Coated Surface:</strong> Delivers fast, consistent honing to maintain sharp edges on all steel knives.</li><li><strong>Ergonomic Handle:</strong> Designed for comfort and control, reducing fatigue during extended use in busy kitchens.</li><li><strong>Durable Construction:</strong> Built to withstand rigorous daily use, ideal for wholesale bulk orders for professional kitchens.</li></ul>","<h2>Diamond-Coated Honing Steel LKHOS20004</h2><p>Maintain the sharpness of your kitchen knives with the Diamond-Coated Honing Steel LKHOS20004. This professional-grade tool features a diamond-coated surface that quickly and effectively realigns knife edges, ensuring peak performance. The ergonomic handle is designed for comfort and control, making it easy to use for extended periods. This honing steel is an essential kitchen accessory for any commercial kitchen, helping to extend the life of your knives and improve safety. It is compatible with all standard steel blades, making it a versatile addition to your knife maintenance toolkit. Buying this honing steel wholesale allows you to equip your entire kitchen staff with a reliable edge maintenance solution. Enhance your kitchen's efficiency and knife longevity with this durable and effective honing steel.</p><h3>Key Features</h3><ul><li><strong>Diamond-Coated Surface:</strong> Provides fast and consistent honing.</li><li><strong>Ergonomic Handle:</strong> Offers comfort and control.</li><li><strong>Professional Grade:</strong> Built for heavy commercial use.</li></ul><h3>Specifications</h3><table><tr><th>Spec</th><th>Detail</th></tr><tr><td>Product</td><td>Diamond-Coated Honing Steel</td></tr><tr><td>Model</td><td>LKHOS20004</td></tr><tr><td>Surface</td><td>Diamond-Coated</td></tr><tr><td>Handle</td><td>Ergonomic</td></tr></table>",,,taxable,,1,,,0,0,,,,,0,,,,Knife Accessories > Knife Sharpening > Honing Steels,,,"https://img.leeknives.com/wp-content/uploads/2022/11/LKHOS20004-main.jpg, https://img.leeknives.com/wp-content/uploads/2022/11/LKHOS20004.jpg",,,,,,,,,0,,,,,,,10,diamond honing steel,90,6009,no,,Diamond-Coated Honing Steel LKHOS20004 Wholesale,Professional diamond-coated honing steel for efficient edge maintenance. Durable and ergonomic. Order wholesale today.
6044,simple,,,Diamond-Coated Honing Steel LKHOS20005,1,0,visible,"<h3>Key Features</h3><ul><li><strong>Diamond-Coated Surface:</strong> Provides superior abrasion for quick and efficient edge realignment on all steel blades.</li><li><strong>Ergonomic Handle:</strong> Designed for comfortable, non-slip grip during prolonged use in busy commercial kitchens.</li><li><strong>Durable Construction:</strong> Built to withstand frequent daily use, ideal for wholesale bulk orders to professional kitchens.</li></ul>","<h2>Diamond-Coated Honing Steel LKHOS20005</h2><p>Keep your kitchen knives performing at their best with the Diamond-Coated Honing Steel LKHOS20005. Designed for professional use, this honing steel features a diamond-coated surface that efficiently realigns blade edges, extending the time between sharpening sessions. The ergonomic handle offers a secure and comfortable grip, reducing hand fatigue during repetitive use. This tool is an essential kitchen accessory for any commercial kitchen, ensuring your knives remain sharp and safe. It is compatible with all standard steel blades, making it a versatile choice for your knife maintenance needs. Purchasing this honing steel wholesale is a cost-effective way to equip your entire kitchen staff with a reliable edge maintenance tool. Enhance your kitchen's efficiency and knife longevity with this durable honing steel.</p><h3>Key Features</h3><ul><li><strong>Diamond-Coated Surface:</strong> Offers aggressive abrasion for fast edge realignment.</li><li><strong>Ergonomic Handle:</strong> Provides comfort and control during use.</li><li><strong>Versatile Compatibility:</strong> Works with all standard steel knife blades.</li></ul><h3>Specifications</h3><table><tr><th>Spec</th><th>Detail</th></tr><tr><td>Product</td><td>Diamond-Coated Honing Steel</td></tr><tr><td>Model</td><td>LKHOS20005</td></tr><tr><td>Surface</td><td>Diamond-Coated</td></tr><tr><td>Handle</td><td>Ergonomic</td></tr></table>",,,taxable,,1,,,0,0,,,,,0,,,,Knife Accessories > Knife Sharpening > Honing Steels,,,"https://img.leeknives.com/wp-content/uploads/2022/11/LKHOS20005-main.jpg, https://img.leeknives.com/wp-content/uploads/2022/11/LKHOS20005.jpg",,,,,,,,,0,,,,,,,10,diamond honing steel,90,6009,no,,Diamond-Coated Honing Steel LKHOS20005 Bulk,Professional diamond-coated honing steel for quick edge realignment. Durable and ergonomic. Order wholesale today.
6047,simple,,,Diamond-Coated Honing Steel LKHOS20006,1,0,visible,"<h3>Key Features</h3><ul><li><strong>Diamond-Coated Surface:</strong> Ensures fast, effective honing for all standard knife blades, maintaining sharpness longer.</li><li><strong>Ergonomic Handle:</strong> Provides a comfortable, non-slip grip for safe and precise use in professional kitchens.</li><li><strong>Durable Build:</strong> Constructed from high-quality materials to withstand heavy daily use in commercial environments.</li></ul>","<h2>Diamond-Coated Honing Steel LKHOS20006</h2><p>Maintain peak knife performance in your commercial kitchen with the Diamond-Coated Honing Steel LKHOS20006. This professional-grade tool features a diamond-coated surface that quickly realigns knife edges, reducing the need for frequent sharpening. Its ergonomic handle ensures a secure, comfortable grip, even during extended use. Ideal for busy chefs and kitchen staff, this honing steel is a must-have for any professional kitchen. It is compatible with all standard steel blades, making it a versatile addition to your knife maintenance toolkit. Ordering in bulk ensures your entire team has access to reliable edge maintenance, extending the life of your valuable knife inventory. This honing steel is an essential kitchen accessory for any serious culinary operation.</p><h3>Key Features</h3><ul><li><strong>Diamond-Coated Surface:</strong> Provides efficient edge realignment.</li><li><strong>Ergonomic Handle:</strong> Ensures comfortable, secure grip.</li><li><strong>Professional Grade:</strong> Built for heavy commercial use.</li></ul><h3>Specifications</h3><table><tr><th>Spec</th><th>Detail</th></tr><tr><td>Product</td><td>Diamond-Coated Honing Steel</td></tr><tr><td>Model</td><td>LKHOS20006</td></tr><tr><td>Surface</td><td>Diamond-Coated</td></tr><tr><td>Handle</td><td>Ergonomic</td></tr></table>",,,taxable,,1,,,0,0,,,,,0,,,,Knife Accessories > Knife Sharpening > Honing Steels,,,"https://img.leeknives.com/wp-content/uploads/2022/11/LKHOS20006-main.jpg, https://img.leeknives.com/wp-content/uploads/2022/11/LKHOS20006.jpg",,,,,,,,,0,,,,,,,10,diamond honing steel,90,6009,no,,Diamond-Coated Honing Steel LKHOS20006 Wholesale,Professional diamond-coated honing steel for commercial kitchens. Durable and ergonomic. Order wholesale today.
6050,simple,,,Diamond-Coated Honing Steel LKHOS20007,1,0,visible,"<h3>Key Features</h3><ul><li><strong>Diamond-Coated Surface:</strong> Delivers fast, consistent honing to maintain sharp edges on all steel knives.</li><li><strong>Ergonomic Handle:</strong> Designed for comfort and control, reducing fatigue during extended use in busy kitchens.</li><li><strong>Durable Construction:</strong> Built to withstand rigorous daily use, ideal for wholesale bulk orders for professional kitchens.</li></ul>","<h2>Diamond-Coated Honing Steel LKHOS20007</h2><p>Keep your kitchen knives performing at their best with the Diamond-Coated Honing Steel LKHOS20007. Designed for professional use, this honing steel features a diamond-coated surface that efficiently realigns blade edges, extending the time between sharpening sessions. The ergonomic handle offers a secure and comfortable grip, reducing hand fatigue during repetitive use. This tool is an essential kitchen accessory for any commercial kitchen, ensuring your knives remain sharp and safe. It is compatible with all standard steel blades, making it a versatile choice for your knife maintenance needs. Purchasing this honing steel wholesale is a cost-effective way to equip your entire kitchen staff with a reliable edge maintenance tool. Enhance your kitchen's efficiency and knife longevity with this durable honing steel.</p><h3>Key Features</h3><ul><li><strong>Diamond-Coated Surface:</strong> Provides fast and consistent honing.</li><li><strong>Ergonomic Handle:</strong> Offers comfort and control.</li><li><strong>Professional Grade:</strong> Built for heavy commercial use.</li></ul><h3>Specifications</h3><table><tr><th>Spec</th><th>Detail</th></tr><tr><td>Product</td><td>Diamond-Coated Honing Steel</td></tr><tr><td>Model</td><td>LKHOS20007</td></tr><tr><td>Surface</td><td>Diamond-Coated</td></tr><tr><td>Handle</td><td>Ergonomic</td></tr></table>",,,taxable,,1,,,0,0,,,,,0,,,,Knife Accessories > Knife Sharpening > Honing Steels,,,"https://img.leeknives.com/wp-content/uploads/2022/11/LKHOS20007-main.jpg, https://img.leeknives.com/wp-content/uploads/2022/11/LKHOS20007.jpg, https://img.leeknives.com/wp-content/uploads/2022/09/Diamond-Coated-Honing-Steel-Use.jpg",,,,,,,,,0,,,,,,,10,diamond honing steel,90,6009,no,,Diamond-Coated Honing Steel LKHOS20007 Bulk,Professional diamond-coated honing steel for efficient edge maintenance. Durable and ergonomic. Order wholesale today.
6054,simple,,,Diamond-Coated Honing Steel LKHOS20008,1,0,visible,"<h3>Key Features</h3><ul><li><strong>Diamond-Coated Surface:</strong> Provides superior abrasion for quick and efficient edge realignment on all steel blades.</li><li><strong>Ergonomic Handle:</strong> Designed for comfortable, non-slip grip during prolonged use in busy commercial kitchens.</li><li><strong>Durable Construction:</strong> Built to withstand frequent daily use, ideal for wholesale bulk orders to professional kitchens.</li></ul>","<h2>Diamond-Coated Honing Steel LKHOS20008</h2><p>Maintain peak knife performance in your commercial kitchen with the Diamond-Coated Honing Steel LKHOS20008. This professional-grade tool features a diamond-coated surface that quickly realigns knife edges, reducing the need for frequent sharpening. Its ergonomic handle ensures a secure, comfortable grip, even during extended use. Ideal for busy chefs and kitchen staff, this honing steel is a must-have for any professional kitchen. It is compatible with all standard steel blades, making it a versatile addition to your knife maintenance toolkit. Ordering in bulk ensures your entire team has access to reliable edge maintenance, extending the life of your valuable knife inventory. This honing steel is an essential kitchen accessory for any serious culinary operation.</p><h3>Key Features</h3><ul><li><strong>Diamond-Coated Surface:</strong> Offers aggressive abrasion for fast edge realignment.</li><li><strong>Ergonomic Handle:</strong> Provides comfort and control during use.</li><li><strong>Versatile Compatibility:</strong> Works with all standard steel knife blades.</li></ul><h3>Specifications</h3><table><tr><th>Spec</th><th>Detail</th></tr><tr><td>Product</td><td>Diamond-Coated Honing Steel</td></tr><tr><td>Model</td><td>LKHOS20008</td></tr><tr><td>Surface</td><td>Diamond-Coated</td></tr><tr><td>Handle</td><td>Ergonomic</td></tr></table>",,,taxable,,1,,,0,0,,,,,0,,,,Knife Accessories > Knife Sharpening > Honing Steels,,,"https://img.leeknives.com/wp-content/uploads/2022/11/LKHOS20008-main.jpg, https://img.leeknives.com/wp-content/uploads/2022/11/LKHOS20008.jpg",,,,,,,,,0,,,,,,,10,diamond honing steel,90,6009,no,,Diamond-Coated Honing Steel LKHOS20008 Wholesale,Professional diamond-coated honing steel for quick edge realignment. Durable and ergonomic. Order wholesale today.
6057,simple,,,"10"" Honing Steel with Oak Handle LKHOS20009",1,0,visible,"<h3>Key Features</h3><ul><li><strong>10-Inch Steel Rod:</strong> Provides a long honing surface for sharpening standard chef knives and other large blades.</li><li><strong>Oak Handle:</strong> Offers a classic, comfortable grip with natural wood aesthetics, suitable for professional kitchens.</li><li><strong>Durable Construction:</strong> Built to withstand frequent daily use, ideal for wholesale bulk orders to commercial kitchens.</li></ul>","<h2>10"" Honing Steel with Oak Handle LKHOS20009</h2><p>Maintain the sharpness of your kitchen knives with the 10"" Honing Steel with Oak Handle LKHOS20009. This professional-grade honing steel features a 10-inch steel rod, providing ample surface for realigning edges on standard chef knives and other large blades. The oak handle offers a comfortable, secure grip with natural wood aesthetics, making it a stylish and functional addition to any commercial kitchen. This tool is an essential kitchen accessory for any professional kitchen, helping to extend the life of your knives and improve safety. It is compatible with all standard steel blades. Buying this honing steel wholesale allows you to equip your entire kitchen staff with a reliable edge maintenance solution. Enhance your kitchen's efficiency and knife longevity with this durable and effective honing steel.</p><h3>Key Features</h3><ul><li><strong>10-Inch Steel Rod:</strong> Provides long honing surface for large blades.</li><li><strong>Oak Handle:</strong> Offers comfortable, natural wood grip.</li><li><strong>Professional Grade:</strong> Built for heavy commercial use.</li></ul><h3>Specifications</h3><table><tr><th>Spec</th><th>Detail</th></tr><tr><td>Product</td><td>Honing Steel with Oak Handle</td></tr><tr><td>Model</td><td>LKHOS20009</td></tr><tr><td>Rod Length</td><td>10 inches</td></tr><tr><td>Handle Material</td><td>Oak</td></tr></table>",,,taxable,,1,,,0,0,,,,,0,,,,Knife Accessories > Knife Sharpening > Honing Steels,,,"https://img.leeknives.com/wp-content/uploads/2022/11/LKHOS20009.jpg, https://img.leeknives.com/wp-content/uploads/2022/11/LKHOS20009-handle.jpg, https://img.leeknives.com/wp-content/uploads/2022/11/LKHOS20009-2.jpg, https://img.leeknives.com/wp-content/uploads/2022/11/LKHOS20009-carbon-steel.jpg",,,,,,,,,0,,,,,,,10,10 inch honing steel,90,6009,no,,"10"" Honing Steel with Oak Handle LKHOS20009 Wholesale",Professional 10-inch honing steel with oak handle for commercial kitchens. Durable and comfortable. Order wholesale today.
14206,simple,,,Diamond-Coated Honing Steel LKHOS20010-11,1,0,visible,"<h3>Key Features</h3><ul><li><strong>Diamond-Coated Surface:</strong> Ensures fast, effective honing for all standard knife blades, maintaining sharpness longer.</li><li><strong>Ergonomic Handle:</strong> Provides a comfortable, non-slip grip for safe and precise use in professional kitchens.</li><li><strong>Durable Build:</strong> Constructed from high-quality materials to withstand heavy daily use in commercial environments.</li></ul>","<h2>Diamond-Coated Honing Steel LKHOS20010-11</h2><p>Keep your kitchen knives performing at their best with the Diamond-Coated Honing Steel LKHOS20010-11. Designed for professional use, this honing steel features a diamond-coated surface that efficiently realigns blade edges, extending the time between sharpening sessions. The ergonomic handle offers a secure and comfortable grip, reducing hand fatigue during repetitive use. This tool is an essential kitchen accessory for any commercial kitchen, ensuring your knives remain sharp and safe. It is compatible with all standard steel blades, making it a versatile choice for your knife maintenance needs. Purchasing this honing steel wholesale is a cost-effective way to equip your entire kitchen staff with a reliable edge maintenance tool. Enhance your kitchen's efficiency and knife longevity with this durable honing steel.</p><h3>Key Features</h3><ul><li><strong>Diamond-Coated Surface:</strong> Provides efficient edge realignment.</li><li><strong>Ergonomic Handle:</strong> Ensures comfortable, secure grip.</li><li><strong>Professional Grade:</strong> Built for heavy commercial use.</li></ul><h3>Specifications</h3><table><tr><th>Spec</th><th>Detail</th></tr><tr><td>Product</td><td>Diamond-Coated Honing Steel</td></tr><tr><td>Model</td><td>LKHOS20010-11</td></tr><tr><td>Surface</td><td>Diamond-Coated</td></tr><tr><td>Handle</td><td>Ergonomic</td></tr></table>",,,taxable,,1,,,0,0,,,,,0,,,,Knife Accessories > Knife Sharpening > Honing Steels,,,"https://img.leeknives.com/wp-content/uploads/2024/02/LKHOS20010-11-7.jpg, https://img.leeknives.com/wp-content/uploads/2024/02/LKHOS20010-11-1.jpg, https://img.leeknives.com/wp-content/uploads/2024/02/LKHOS20010-11-3.jpg, https://img.leeknives.com/wp-content/uploads/2024/02/LKHOS20010-11-2.jpg, https://img.leeknives.com/wp-content/uploads/2024/02/LKHOS20010-11-5.jpg, https://img.leeknives.com/wp-content/uploads/2024/02/LKHOS20010-11-4.jpg, https://img.leeknives.com/wp-content/uploads/2024/02/LKHOS20010-11-8.jpg, https://img.leeknives.com/wp-content/uploads/2024/02/LKHOS20010-11-6.jpg",,,,,,,,,0,,,,,,,10,diamond honing steel,90,6009,no,,Diamond-Coated Honing Steel LKHOS20010-11 Bulk,Professional diamond-coated honing steel for commercial kitchens. Durable and ergonomic. Order wholesale today.
14207,simple,,,Diamond-Coated Honing Steel LKHOS20012,1,0,visible,"<h3>Key Features</h3><ul><li><strong>Diamond-Coated Surface:</strong> Delivers fast, consistent honing to maintain sharp edges on all steel knives.</li><li><strong>Ergonomic Handle:</strong> Designed for comfort and control, reducing fatigue during extended use in busy kitchens.</li><li><strong>Durable Construction:</strong> Built to withstand rigorous daily use, ideal for wholesale bulk orders for professional kitchens.</li></ul>","<h2>Diamond-Coated Honing Steel LKHOS20012</h2><p>Maintain peak knife performance in your commercial kitchen with the Diamond-Coated Honing Steel LKHOS20012. This professional-grade tool features a diamond-coated surface that quickly realigns knife edges, reducing the need for frequent sharpening. Its ergonomic handle ensures a secure, comfortable grip, even during extended use. Ideal for busy chefs and kitchen staff, this honing steel is a must-have for any professional kitchen. It is compatible with all standard steel blades, making it a versatile addition to your knife maintenance toolkit. Ordering in bulk ensures your entire team has access to reliable edge maintenance, extending the life of your valuable knife inventory. This honing steel is an essential kitchen accessory for any serious culinary operation.</p><h3>Key Features</h3><ul><li><strong>Diamond-Coated Surface:</strong> Provides fast and consistent honing.</li><li><strong>Ergonomic Handle:</strong> Offers comfort and control.</li><li><strong>Professional Grade:</strong> Built for heavy commercial use.</li></ul><h3>Specifications</h3><table><tr><th>Spec</th><th>Detail</th></tr><tr><td>Product</td><td>Diamond-Coated Honing Steel</td></tr><tr><td>Model</td><td>LKHOS20012</td></tr><tr><td>Surface</td><td>Diamond-Coated</td></tr><tr><td>Handle</td><td>Ergonomic</td></tr></table>",,,taxable,,1,,,0,0,,,,,0,,,,Knife Accessories > Knife Sharpening > Honing Steels,,,"https://img.leeknives.com/wp-content/uploads/2024/02/LKHOS20012-3.jpg, https://img.leeknives.com/wp-content/uploads/2024/02/LKHOS20012-1.jpg, https://img.leeknives.com/wp-content/uploads/2024/02/LKHOS20012-2.jpg",,,,,,,,,0,,,,,,,10,diamond honing steel,90,6009,no,,Diamond-Coated Honing Steel LKHOS20012 Wholesale,Professional diamond-coated honing steel for efficient edge maintenance. Durable and ergonomic. Order wholesale today.
14208,simple,,,Diamond-Coated Honing Steel LKHOS20013,1,0,visible,"<h3>Key Features</h3><ul><li><strong>Diamond-Coated Surface:</strong> Provides superior abrasion for quick and efficient edge realignment on all steel blades.</li><li><strong>Ergonomic Handle:</strong> Designed for comfortable, non-slip grip during prolonged use in busy commercial kitchens.</li><li><strong>Durable Construction:</strong> Built to withstand frequent daily use, ideal for wholesale bulk orders to professional kitchens.</li></ul>","<h2>Diamond-Coated Honing Steel LKHOS20013</h2><p>Keep your kitchen knives performing at their best with the Diamond-Coated Honing Steel LKHOS20013. Designed for professional use, this honing steel features a diamond-coated surface that efficiently realigns blade edges, extending the time between sharpening sessions. The ergonomic handle offers a secure and comfortable grip, reducing hand fatigue during repetitive use. This tool is an essential kitchen accessory for any commercial kitchen, ensuring your knives remain sharp and safe. It is compatible with all standard steel blades, making it a versatile choice for your knife maintenance needs. Purchasing this honing steel wholesale is a cost-effective way to equip your entire kitchen staff with a reliable edge maintenance tool. Enhance your kitchen's efficiency and knife longevity with this durable honing steel.</p><h3>Key Features</h3><ul><li><strong>Diamond-Coated Surface:</strong> Offers aggressive abrasion for fast edge realignment.</li><li><strong>Ergonomic Handle:</strong> Provides comfort and control during use.</li><li><strong>Versatile Compatibility:</strong> Works with all standard steel knife blades.</li></ul><h3>Specifications</h3><table><tr><th>Spec</th><th>Detail</th></tr><tr><td>Product</td><td>Diamond-Coated Honing Steel</td></tr><tr><td>Model</td><td>LKHOS20013</td></tr><tr><td>Surface</td><td>Diamond-Coated</td></tr><tr><td>Handle</td><td>Ergonomic</td></tr></table>",,,taxable,,1,,,0,0,,,,,0,,,,Knife Accessories > Knife Sharpening > Honing Steels,,,"https://img.leeknives.com/wp-content/uploads/2024/02/LKHOS20013-1.jpg, https://img.leeknives.com/wp-content/uploads/2024/02/LKHOS20013-3.jpg, https://img.leeknives.com/wp-content/uploads/2024/02/LKHOS20013-2.jpg",,,,,,,,,0,,,,,,,10,diamond honing steel,90,6009,no,,Diamond-Coated Honing Steel LKHOS20013 Bulk,Professional diamond-coated honing steel for quick edge realignment. Durable and ergonomic. Order wholesale today.
14209,simple,,,Diamond-Coated Honing Steel LKHOS20014,1,0,visible,"<h3>Key Features</h3><ul><li><strong>Diamond-Coated Surface:</strong> Ensures fast, effective honing for all standard knife blades, maintaining sharpness longer.</li><li><strong>Ergonomic Handle:</strong> Provides a comfortable, non-slip grip for safe and precise use in professional kitchens.</li><li><strong>Durable Build:</strong> Constructed from high-quality materials to withstand heavy daily use in commercial environments.</li></ul>","<h2>Diamond-Coated Honing Steel LKHOS20014</h2><p>Maintain peak knife performance in your commercial kitchen with the Diamond-Coated Honing Steel LKHOS20014. This professional-grade tool features a diamond-coated surface that quickly realigns knife edges, reducing the need for frequent sharpening. Its ergonomic handle ensures a secure, comfortable grip, even during extended use. Ideal for busy chefs and kitchen staff, this honing steel is a must-have for any professional kitchen. It is compatible with all standard steel blades, making it a versatile addition to your knife maintenance toolkit. Ordering in bulk ensures your entire team has access to reliable edge maintenance, extending the life of your valuable knife inventory. This honing steel is an essential kitchen accessory for any serious culinary operation.</p><h3>Key Features</h3><ul><li><strong>Diamond-Coated Surface:</strong> Provides efficient edge realignment.</li><li><strong>Ergonomic Handle:</strong> Ensures comfortable, secure grip.</li><li><strong>Professional Grade:</strong> Built for heavy commercial use.</li></ul><h3>Specifications</h3><table><tr><th>Spec</th><th>Detail</th></tr><tr><td>Product</td><td>Diamond-Coated Honing Steel</td></tr><tr><td>Model</td><td>LKHOS20014</td></tr><tr><td>Surface</td><td>Diamond-Coated</td></tr><tr><td>Handle</td><td>Ergonomic</td></tr></table>",,,taxable,,1,,,0,0,,,,,0,,,,Knife Accessories > Knife Sharpening > Honing Steels,,,"https://img.leeknives.com/wp-content/uploads/2024/02/LKHOS20014-1.jpg, https://img.leeknives.com/wp-content/uploads/2024/02/LKHOS20014-2.jpg, https://img.leeknives.com/wp-content/uploads/2024/02/LKHOS20014-3.jpg, https://img.leeknives.com/wp-content/uploads/2024/02/LKHOS20014-4.jpg",,,,,,,,,0,,,,,,,10,diamond honing steel,90,6009,no,,Diamond-Coated Honing Steel LKHOS20014 Wholesale,Professional diamond-coated honing steel for commercial kitchens. Durable and ergonomic. Order wholesale today.
14210,simple,,,Diamond-Coated Honing Steel LKHOS20015,1,0,visible,"<h3>Key Features</h3><ul><li><strong>Diamond-Coated Surface:</strong> Delivers fast, consistent honing to maintain sharp edges on all steel knives.</li><li><strong>Ergonomic Handle:</strong> Designed for comfort and control, reducing fatigue during extended use in busy kitchens.</li><li><strong>Durable Construction:</strong> Built to withstand rigorous daily use, ideal for wholesale bulk orders for professional kitchens.</li></ul>","<h2>Diamond-Coated Honing Steel LKHOS20015</h2><p>Keep your kitchen knives performing at their best with the Diamond-Coated Honing Steel LKHOS20015. Designed for professional use, this honing steel features a diamond-coated surface that efficiently realigns blade edges, extending the time between sharpening sessions. The ergonomic handle offers a secure and comfortable grip, reducing hand fatigue during repetitive use. This tool is an essential kitchen accessory for any commercial kitchen, ensuring your knives remain sharp and safe. It is compatible with all standard steel blades, making it a versatile choice for your knife maintenance needs. Purchasing this honing steel wholesale is a cost-effective way to equip your entire kitchen staff with a reliable edge maintenance tool. Enhance your kitchen's efficiency and knife longevity with this durable honing steel.</p><h3>Key Features</h3><ul><li><strong>Diamond-Coated Surface:</strong> Provides fast and consistent honing.</li><li><strong>Ergonomic Handle:</strong> Offers comfort and control.</li><li><strong>Professional Grade:</strong> Built for heavy commercial use.</li></ul><h3>Specifications</h3><table><tr><th>Spec</th><th>Detail</th></tr><tr><td>Product</td><td>Diamond-Coated Honing Steel</td></tr><tr><td>Model</td><td>LKHOS20015</td></tr><tr><td>Surface</td><td>Diamond-Coated</td></tr><tr><td>Handle</td><td>Ergonomic</td></tr></table>",,,taxable,,1,,,0,0,,,,,0,,,,Knife Accessories > Knife Sharpening > Honing Steels,,,"https://img.leeknives.com/wp-content/uploads/2024/02/LKHOS20015-2.jpg, https://img.leeknives.com/wp-content/uploads/2024/02/LKHOS20015-4.jpg, https://img.leeknives.com/wp-content/uploads/2024/02/LKHOS20015-1.jpg, https://img.leeknives.com/wp-content/uploads/2024/02/LKHOS20015-3.jpg",,,,,,,,,0,,,,,,,10,diamond honing steel,90,6009,no,,Diamond-Coated Honing Steel LKHOS20015 Bulk,Professional diamond-coated honing steel for efficient edge maintenance. Durable and ergonomic. Order wholesale today.
14211,simple,,,Diamond-Coated Honing Steel LKHOS20016,1,0,visible,"<h3>Key Features</h3><ul><li><strong>Diamond-Coated Surface:</strong> Provides superior abrasion for quick and efficient edge realignment on all steel blades.</li><li><strong>Ergonomic Handle:</strong> Designed for comfortable, non-slip grip during prolonged use in busy commercial kitchens.</li><li><strong>Durable Construction:</strong> Built to withstand frequent daily use, ideal for wholesale bulk orders to professional kitchens.</li></ul>","<h2>Diamond-Coated Honing Steel LKHOS20016</h2><p>Maintain peak knife performance in your commercial kitchen with the Diamond-Coated Honing Steel LKHOS20016. This professional-grade tool features a diamond-coated surface that quickly realigns knife edges, reducing the need for frequent sharpening. Its ergonomic handle ensures a secure, comfortable grip, even during extended use. Ideal for busy chefs and kitchen staff, this honing steel is a must-have for any professional kitchen. It is compatible with all standard steel blades, making it a versatile addition to your knife maintenance toolkit. Ordering in bulk ensures your entire team has access to reliable edge maintenance, extending the life of your valuable knife inventory. This honing steel is an essential kitchen accessory for any serious culinary operation.</p><h3>Key Features</h3><ul><li><strong>Diamond-Coated Surface:</strong> Offers aggressive abrasion for fast edge realignment.</li><li><strong>Ergonomic Handle:</strong> Provides comfort and control during use.</li><li><strong>Versatile Compatibility:</strong> Works with all standard steel knife blades.</li></ul><h3>Specifications</h3><table><tr><th>Spec</th><th>Detail</th></tr><tr><td>Product</td><td>Diamond-Coated Honing Steel</td></tr><tr><td>Model</td><td>LKHOS20016</td></tr><tr><td>Surface</td><td>Diamond-Coated</td></tr><tr><td>Handle</td><td>Ergonomic</td></tr></table>",,,taxable,,1,,,0,0,,,,,0,,,,Knife Accessories > Knife Sharpening > Honing Steels,,,"https://img.leeknives.com/wp-content/uploads/2024/02/LKHOS20016-1.jpg, https://img.leeknives.com/wp-content/uploads/2024/02/LKHOS20016-2.jpg, https://img.leeknives.com/wp-content/uploads/2024/02/LKHOS20016-3.jpg",,,,,,,,,0,,,,,,,10,diamond honing steel,90,6009,no,,Diamond-Coated Honing Steel LKHOS20016 Wholesale,Professional diamond-coated honing steel for quick edge realignment. Durable and ergonomic. Order wholesale today.
14963,simple,,,Ceramic-Coated Honing Steel LKHOS20017,1,0,visible,"<h3>Key Features</h3><ul><li><strong>Ceramic-Coated Surface:</strong> Provides a fine, smooth honing action that gently realigns edges without removing excess metal.</li><li><strong>Ergonomic Handle:</strong> Designed for comfortable, non-slip grip during prolonged use in busy commercial kitchens.</li><li><strong>Durable Construction:</strong> Built to withstand frequent daily use, ideal for wholesale bulk orders to professional kitchens.</li></ul>","<h2>Ceramic-Coated Honing Steel LKHOS20017</h2><p>Maintain the fine edge of your kitchen knives with the Ceramic-Coated Honing Steel LKHOS20017. This professional-grade tool features a ceramic-coated surface that provides a gentle, fine honing action, ideal for maintaining sharpness on delicate blades without removing excess metal. The ergonomic handle ensures a secure, comfortable grip, even during extended use. This tool is an essential kitchen accessory for any commercial kitchen, helping to extend the life of your knives and improve safety. It is compatible with all standard steel blades. Buying this honing steel wholesale allows you to equip your entire kitchen staff with a reliable edge maintenance solution. Enhance your kitchen's efficiency and knife longevity with this durable and effective honing steel.</p><h3>Key Features</h3><ul><li><strong>Ceramic-Coated Surface:</strong> Offers fine, gentle honing action.</li><li><strong>Ergonomic Handle:</strong> Provides comfort and control during use.</li><li><strong>Professional Grade:</strong> Built for heavy commercial use.</li></ul><h3>Specifications</h3><table><tr><th>Spec</th><th>Detail</th></tr><tr><td>Product</td><td>Ceramic-Coated Honing Steel</td></tr><tr><td>Model</td><td>LKHOS20017</td></tr><tr><td>Surface</td><td>Ceramic-Coated</td></tr><tr><td>Handle</td><td>Ergonomic</td></tr></table>",,,taxable,,1,,,0,0,,,,,0,,,,Knife Accessories > Knife Sharpening > Honing Steels,,,"https://img.leeknives.com/wp-content/uploads/2024/04/LKHOS20017-1.jpg, https://img.leeknives.com/wp-content/uploads/2024/04/LKHOS20017-2.jpg",,,,,,,,,0,,,,,,,10,ceramic honing steel,90,6009,no,,Ceramic-Coated Honing Steel LKHOS20017 Wholesale,Professional ceramic-coated honing steel for fine edge maintenance. Durable and ergonomic. Order wholesale today.
14966,simple,,,"12"" Honing Steel with Zinc Alloy Handle LKHOS20018",1,0,visible,"<h3>Key Features</h3><ul><li><strong>12-inch Steel:</strong> Professional-length honing steel for straightening knife edges in busy kitchens.</li><li><strong>Zinc Alloy Handle:</strong> Ergonomic, corrosion-resistant handle ensures a secure grip during repeated use.</li><li><strong>Wholesale Ready:</strong> Ideal bulk order for kitchen supply stores and restaurant distributors.</li></ul>","<h2>12"" Honing Steel with Zinc Alloy Handle LKHOS20018</h2><p>Keep commercial kitchen knives in peak condition with this 12-inch honing steel. Designed for frequent edge realignment, it helps extend blade life between sharpening sessions. The zinc alloy handle provides a balanced, comfortable grip, reducing hand fatigue during high-volume use. Made from durable steel, this honing rod is suitable for straightening the edges of most chef and utility knives. Ideal for restaurant supply stores and kitchen accessory wholesalers looking to offer reliable knife maintenance tools. Sold in bulk quantities to meet wholesale demands.</p><h3>Key Features</h3><ul><li><strong>12-inch Steel Rod:</strong> Long enough to accommodate large chef knives.</li><li><strong>Zinc Alloy Handle:</strong> Sturdy, non-slip grip for safe operation.</li><li><strong>Professional Use:</strong> Suitable for daily honing in commercial kitchens.</li></ul><h3>Specifications</h3><table><tr><th>Spec</th><th>Detail</th></tr><tr><td>Length</td><td>12 inches</td></tr><tr><td>Handle Material</td><td>Zinc Alloy</td></tr><tr><td>Rod Material</td><td>Steel</td></tr><tr><td>Application</td><td>Knife Edge Honing</td></tr></table>",,,taxable,,1,,,0,0,,,,,0,,,,Knife Accessories > Knife Sharpening > Honing Steels,,,"https://img.leeknives.com/wp-content/uploads/2024/04/LKHOS20018-1.jpg, https://img.leeknives.com/wp-content/uploads/2024/04/LKHOS20018-2.jpg",,,,,,,,,0,,,,,,,10,honing steel,90,6009,no,,"12"" Honing Steel with Zinc Alloy Handle | Wholesale",12-inch honing steel with zinc alloy handle for professional kitchens. Durable and ergonomic. Order wholesale today.
14990,simple,,,Ceramic-Coated Honing Steel LKHOS20019,1,0,visible,<h3>Key Features</h3><ul><li><strong>Ceramic-Coated Rod:</strong> Fine ceramic coating gently realigns and polishes blade edges.</li><li><strong>Versatile Use:</strong> Works well with stainless steel and carbon steel knives.</li><li><strong>Wholesale Bulk:</strong> Perfect for kitchen supply distributors and restaurant chains.</li></ul>,"<h2>Ceramic-Coated Honing Steel LKHOS20019</h2><p>Upgrade your knife maintenance lineup with this ceramic-coated honing steel. The fine ceramic surface not only realigns the edge but also provides a light polishing effect, keeping blades sharper for longer. Ideal for stainless steel and carbon steel knives commonly found in professional kitchens. The ergonomic handle ensures comfort during repetitive honing tasks. This honing steel is a must-have accessory for any chef knife roll or kitchen station. Available for wholesale purchase, it’s an excellent addition to kitchen accessory catalogs for retailers and bulk buyers.</p><h3>Key Features</h3><ul><li><strong>Ceramic Coating:</strong> Provides smoother honing action compared to standard steel.</li><li><strong>Durable Construction:</strong> Designed for heavy-duty daily use in commercial settings.</li><li><strong>Easy to Clean:</strong> Ceramic surface resists residue buildup.</li></ul><h3>Specifications</h3><table><tr><th>Spec</th><th>Detail</th></tr><tr><td>Coating</td><td>Ceramic</td></tr><tr><td>Compatible Blades</td><td>Stainless Steel, Carbon Steel</td></tr><tr><td>Handle Design</td><td>Ergonomic</td></tr></table>",,,taxable,,1,,,0,0,,,,,0,,,,Knife Accessories > Knife Sharpening > Honing Steels,,,https://img.leeknives.com/wp-content/uploads/2024/04/LKHOS20019-1.jpg,,,,,,,,,0,,,,,,,10,ceramic honing steel,90,6009,no,,Ceramic-Coated Honing Steel | Wholesale Knife Tool,Ceramic-coated honing steel for professional knife maintenance. Polishes and realigns edges. Order wholesale today.
15054,simple,,,Ceramic-Coated Honing Steel LKHOS20020,1,0,visible,<h3>Key Features</h3><ul><li><strong>Ceramic-Coated Rod:</strong> Advanced ceramic surface for effective edge realignment and polishing.</li><li><strong>Professional Grade:</strong> Built for high-frequency use in commercial kitchens.</li><li><strong>Wholesale Option:</strong> Ideal bulk order for kitchenware retailers and suppliers.</li></ul>,"<h2>Ceramic-Coated Honing Steel LKHOS20020</h2><p>Maintain razor-sharp edges in your commercial kitchen with this ceramic-coated honing steel. The fine ceramic coating gently realigns the knife edge while adding a micro-polish, reducing the need for frequent sharpening. Compatible with a variety of blade materials, it is an essential tool for any chef knife kit. The sturdy handle provides a secure grip, ensuring safety during use. This honing steel is designed to withstand the demands of busy restaurants and catering operations. Available in wholesale quantities, it is a smart addition to any kitchen accessory inventory for distributors and retailers.</p><h3>Key Features</h3><ul><li><strong>Ceramic Coating:</strong> Enhances edge alignment and extends blade life.</li><li><strong>Ergonomic Handle:</strong> Comfortable grip for repetitive use.</li><li><strong>Versatile Compatibility:</strong> Works with most professional knife types.</li></ul><h3>Specifications</h3><table><tr><th>Spec</th><th>Detail</th></tr><tr><td>Coating</td><td>Ceramic</td></tr><tr><td>Handle Material</td><td>Sturdy Composite</td></tr><tr><td>Usage</td><td>Daily Edge Honing</td></tr></table>",,,taxable,,1,,,0,0,,,,,0,,,,Knife Accessories > Knife Sharpening > Honing Steels,,,"https://img.leeknives.com/wp-content/uploads/2024/04/LKHOS20020-1-1.jpg, https://img.leeknives.com/wp-content/uploads/2024/04/LKHOS20020-2.jpg",,,,,,,,,0,,,,,,,10,ceramic honing steel,90,6009,no,,Ceramic-Coated Honing Steel LKHOS20020 | Wholesale,Professional ceramic-coated honing steel for commercial kitchens. Durable and effective. Order wholesale today.
